scenario,payload_mass_g,time,t_ref,q_ref_deg,q_meas_deg,q_cmd_deg,dq_safe_deg,clamped,latency_ms,error_to_cmd_rad
S2,600.0,0.8433120549998421,0.0,"[130.87, 3.4629400881941925, -5.307059911805807]","[133.876999, 5.0649, -7.702799999999999]","[130.82746598483556, 3.412224296920568, -5.018949016341864]","[-0.04253401516443904, -0.05071579127362479, 0.2881108954639423]",False,244.3137830014166,0.004615682011143061
S2,600.0,2.091046842000651,1.0,"[138.10191040183142, 3.657392893005451, -12.344517508825971]","[130.833649, 3.415534, -5.024314]","[139.82078378722386, 3.5151199821708627, -14.063390894218442]","[1.7188733853924696, -0.14227291083458848, -1.7188733853924696]",True,239.8136150004575,0.018866416397191374
S2,600.0,3.227338314000008,2.0,"[138.6848357318826, -3.169938106370617, -19.75477383825322]","[139.668091, 3.513353, -13.909824]","[137.33264937341718, -4.888811491763087, -21.29301753898316]","[-1.3521863584654092, -1.7188733853924696, -1.5382437007299397]",True,231.11964300005639,0.007936926452443578
S2,600.0,4.361739694000789,3.0,"[132.08283713000236, -10.742036274957716, -20.7248734049601]","[137.334915, -4.880991, -21.286282]","[130.36396374460992, -12.29366043013282, -19.59328184708819]","[-1.7188733853924696, -1.5516241551751027, 1.1315915578719111]",True,233.2319280012598,0.014287080063906802
S2,600.0,5.613814424999873,4.0,"[124.36576166408298, -12.097149477076702, -14.362911141159671]","[130.442734, -12.210028, -19.612505]","[122.64688827869053, -11.13821349266331, -12.6440377557672]","[-1.7188733853924696, 0.9589359844133903, 1.7188733853924696]",True,240.11272299867414,0.004664080072036975
S2,600.0,71.92277560100047,5.0,"[122.62865292837375, -5.989392884124098, -6.5180458124978635]","[122.646896, -11.1382, -12.644]","[123.24147544298481, -4.270519498731629, -4.799172427105394]","[0.6128225146110393, 1.7188733853924696, 1.7188733853924696]",True,236.15356999835058,6.754109388379718e-06
S2,600.0,73.16132588300025,6.0,"[128.46860068339845, 1.9657902597021382, -4.4028104236963035]","[123.241501, -4.2705, -4.7992]","[130.1874740687909, 3.6846636450946075, -5.130673613489708]","[1.7188733853924696, 1.7188733853924696, -0.7278631897934053]",True,234.9279949994525,0.004022087787791244
S2,600.0,74.40199397500146,7.0,"[136.51638389548626, 4.454441259174878, -9.96194263631136]","[130.183609, 3.680245, -5.130515]","[138.2352572808787, 3.8599169063147434, -11.68081602170383]","[1.7188733853924696, -0.5945243528601346, -1.7188733853924696]",True,228.5219170007622,0.006789694792306196
S2,600.0,75.54075165700124,8.0,"[139.37290779369744, -0.8114941376190185, -18.084401931316464]","[138.217377, 3.85951, -11.666208]","[138.92805515272647, -2.530367523011488, -19.80327531670893]","[-0.44485264097098465, -1.7188733853924696, -1.7188733853924696]",True,237.2304050004459,0.005266804580720247
S2,600.0,76.6863674920005,9.0,"[134.41189747955158, -8.990539211972552, -21.302436691524125]","[138.927765, -2.52735, -19.799423]","[132.6930240941591, -10.709412597365022, -20.982842937397724]","[-1.7188733853924696, -1.7188733853924696, 0.3195937541263988]",True,238.72583899901656,0.015035495896037882
S2,600.0,77.95413550600097,10.0,"[126.19448295700307, -12.562917642123985, -16.657400599127072]","[132.754944, -10.628136, -20.971081]","[124.47560957161062, -12.426549553715116, -14.938527213734606]","[-1.7188733853924696, 0.13636808840886672, 1.7188733853924696]",True,235.90061300092202,0.005896837262251828
S2,600.0,79.08911776900095,11.0,"[122.2757172415344, -8.244201174259299, -8.419918415793695]","[124.49120299999998, -12.42324, -14.949979]","[122.23254467598714, -6.5253277888668295, -6.701045030401225]","[-0.043172565547256514, 1.7188733853924696, 1.7188733853924696]",True,229.21709199908946,0.0057041131286723005
S2,600.0,80.2158870610001,12.0,"[126.2584954596334, -0.004997812151871378, -4.163493271785258]","[122.233849, -6.528846, -6.70595]","[127.97736884502585, 1.7138755732405981, -4.132533273020331]","[1.7188733853924696, 1.7188733853924696, 0.03095999876492667]",True,230.41666800054372,0.014699976767868349
S2,600.0,81.58205916600127,13.0,"[134.48106968510265, 4.579606870109787, -7.801462814992863]","[127.928505, 1.643775, -4.154361]","[136.19994307049512, 4.775435572947428, -9.520336200385334]","[1.7188733853924696, 0.19582870283764092, -1.7188733853924696]",True,237.16323799999373,0.000710391101437367
S2,600.0,82.71638872100084,14.0,"[139.38364309538963, 1.2945484706420487, -15.989094624747578]","[136.199905, 4.7754, -9.5203]","[139.81610002183714, -0.42432491475042095, -17.707968010140046]","[0.43245692644750466, -1.7188733853924696, -1.7188733853924696]",True,236.69361300017044,0.0063390419818106815
S2,600.0,101.09362699600024,15.0,"[136.4588123064521, -6.839905467907436, -21.19871777435955]","[139.816101, -0.4243, -17.708]","[134.73993892105966, -8.558778853299906, -22.05158754197959]","[-1.7188733853924696, -1.7188733853924696, -0.8528697676200386]",True,242.5879239999631,0.010239532398955049
S2,600.0,102.33631193100155,16.0,"[128.395653257091, -12.344975508392638, -18.640628765483626]","[134.757919, -8.529926000000001, -22.036182]","[126.67677987169853, -13.041773836591062, -16.92175538009116]","[-1.7188733853924696, -0.6967983281984247, 1.7188733853924696]",True,232.73316100130614,0.00693673621155902
S2,600.0,103.69699630100149,17.0,"[122.60739719212577, -10.159325643522676, -10.666722835648445]","[126.697952, -13.030043, -16.935253]","[121.67788450908662, -8.440452258130206, -8.947849450255974]","[-0.9295126830391468, 1.7188733853924696, 1.7188733853924696]",True,321.0996220004745,0.0006711906843189123
S2,600.0,104.82746777800094,18.0,"[124.41574004377499, -2.2924322794182195, -4.608172323193202]","[121.67790200000002, -8.4405, -8.9478]","[126.13461342916744, -0.5735588940257499, -3.7157609281666906]","[1.7188733853924696, 1.7188733853924696, 0.8924113950265118]",True,237.46830399977625,0.006281940663871747
S2,600.0,106.08020572600071,19.0,"[132.15809973383267, 4.022919105000629, -6.035180628832053]","[126.13065300000001, -0.580569, -3.720435]","[133.87697311922514, 4.995447071922006, -7.754054014224523]","[1.7188733853924696, 0.9725279669213761, -1.7188733853924696]",True,237.29572999945958,0.004539081428344759
