time,t_ref,q_ref_deg,q_meas_deg,q_cmd_deg,dq_raw_deg,dq_safe_deg,clamped,s,uf,Kf_proj,latency_ms,error_to_cmd_rad
0.8264332179996927,0.0,"[130.87, 3.4629400881941925, -5.307059911805807]","[133.876999, 5.0026, -7.740700000000001]","[130.82746598483556, 3.4308577364928974, -5.0076157817742795]","[-0.04253401516443904, -0.032082351701294934, 0.2994441300315276]","[-0.04253401516443904, -0.032082351701294934, 0.2994441300315276]",False,"[0.007446099462531303, 0.0056164044659305495, -0.052425097042541655]","[0.007401072711721866, 0.0055824489134774676, -0.052100622853862105]",5.0,226.7611349998333,0.0035732153789809675
2.2002061339999273,1.0,"[138.10191040183142, 3.657392893005451, -12.344517508825971]","[130.830017, 3.4321970000000004, -5.009855]","[139.82078378722386, 3.5008076890891138, -14.063390894218442]","[2.924067423125714, -0.15658520391633737, -3.278498584561443]","[1.7188733853924696, -0.15658520391633737, -1.7188733853924696]",True,"[-0.5192007696911617, 0.027412654697173147, 0.5853194817491598]","[-0.5014913119858362, 0.027245892667762988, 0.5590924147022585]",5.0,224.0655760001573,0.0026168852604195976
3.3469082009996782,2.0,"[138.6848357318826, -3.169938106370617, -19.75477383825322]","[139.819687, 3.500791, -14.062276000000002]","[137.33987959172427, -4.888811491763087, -21.299549693879232]","[-1.344956140158332, -2.817999345146649, -1.5447758556260105]","[-1.344956140158332, -1.7188733853924696, -1.5447758556260105]",True,"[0.2361333277196867, 0.49948284599261006, 0.26988026092896544]","[0.23334493109385776, 0.484184491844452, 0.26934823679076353]",5.0,225.47039099981703,0.006613123098727134
4.609132234999834,3.0,"[132.08283713000236, -10.742036274957716, -20.7248734049601]","[137.341736, -4.882633, -21.29418]","[130.36396374460992, -12.297901427420134, -19.60645267540778]","[-2.188880422992617, -1.5558651524624192, 1.118420729552321]","[-1.7188733853924696, -1.5558651524624192, 1.118420729552321]",True,"[0.38605211490385416, 0.2714868631379836, -0.196051608805817]","[0.37801129136949285, 0.271612529412272, -0.19435087425908387]",5.0,231.02476099984415,0.00158217215913665
5.956891919999634,4.0,"[124.36576166408298, -12.097149477076702, -14.362911141159671]","[130.364136, -12.297753, -19.606535000000004]","[122.64688827869053, -11.173446148385676, -12.6440377557672]","[-1.7981259456187686, 0.923703328691025, 2.2681268525006932]","[-1.7188733853924696, 0.923703328691025, 1.7188733853924696]",True,"[0.31581954575265925, -0.16213139502106502, -0.3985983194595881]","[0.31184481657902097, -0.16030189292473077, -0.39312730912106947]",5.0,223.49836400007916,0.00025717123120905526
7.1170635479998055,5.0,"[122.62865292837375, -5.989392884124098, -6.5180458124978635]","[122.646896, -11.1734, -12.644]","[123.42427265699891, -4.270519498731629, -4.799172427105394]","[0.7956197286251582, 2.2928807238107507, 1.9040511611222617]","[0.7956197286251582, 1.7188733853924696, 1.7188733853924696]",True,"[-0.1415960312732405, -0.4027069142732961, -0.3338252105844486]","[-0.13612764589341528, -0.3976594454468707, -0.3308140271756416]",5.0,241.29611500029569,0.0020363917744123995
8.255605166999885,6.0,"[128.46860068339845, 1.9657902597021382, -4.4028104236963035]","[123.42430099999999, -4.270516, -4.799218]","[130.1874740687909, 3.6846636450946075, -5.180498378460128]","[2.255447424784143, 1.8900946119514168, -0.7776879547638248]","[1.7188733853924696, 1.7188733853924696, -0.7776879547638248]",True,"[-0.39646374885085034, -0.33112455301281246, 0.1328296271359456]","[-0.3908359245113586, -0.32864293004232326, 0.1386346801386437]",5.0,231.33165799981725,0.016261135745898103
9.611134880999998,7.0,"[136.51638389548626, 4.454441259174878, -9.96194263631136]","[130.092178, 3.572585, -5.175126]","[138.2352572808787, 3.84360567112583, -11.68081602170383]","[1.976418108713983, -0.6108355880490474, -2.203811010690148]","[1.7188733853924696, -0.6108355880490474, -1.7188733853924696]",True,"[-0.3469405575614893, 0.10321242855172844, 0.386745459294706]","[-0.34295951030047517, 0.1100094154445036, 0.38252970527023455]",5.0,227.80607999993663,0.00047030536605675415
10.755247118999705,8.0,"[139.37290779369744, -0.8114941376190185, -18.084401931316464]","[138.235306, 3.8436000000000003, -11.6808]","[138.96833399756864, -2.530367523011488, -19.80327531670893]","[-0.404573796128814, -2.2041546718617333, -2.109864079113928]","[-0.404573796128814, -1.7188733853924696, -1.7188733853924696]",True,"[0.06688978090326597, 0.3866562868407089, 0.36931057800643374]","[0.07433311529153586, 0.3827388381033403, 0.36717092099548937]",5.0,228.4713300000476,0.0043133267639738765
11.907935031999841,9.0,"[134.41189747955158, -8.990539211972552, -21.302436691524125]","[138.968109, -2.528642, -19.80106]","[132.6930240941591, -10.709412597365022, -20.986253560499154]","[-2.1956167957102704, -2.0758253043912003, 0.31618313102496703]","[-1.7188733853924696, -1.7188733853924696, 0.31618313102496703]",True,"[0.3864293549295419, 0.3628476163525397, -0.06026366669437752]","[0.3799854890150966, 0.3617521088042593, -0.050105066818628634]",5.0,247.38671500017517,0.015107720064931015
13.155988940000043,10.0,"[126.19448295700307, -12.562917642123985, -16.657400599127072]","[132.763229, -10.617867, -20.973061]","[124.47560957161062, -12.431920432213165, -14.938527213734606]","[-2.139094241871375, 0.13099720991081848, 2.1593077111319245]","[-1.7188733853924696, 0.13099720991081848, 1.7188733853924696]",True,"[0.37584027865285463, -0.02839086535522059, -0.3773155941640485]","[0.37084447196929415, -0.017335787122178002, -0.37642498829504545]",5.0,227.00899300025412,0.00676463494439818
14.313133195999853,11.0,"[122.2757172415344, -8.244201174259299, -8.419918415793695]","[124.49398000000001, -12.428047, -14.952027999999999]","[122.23982182897342, -6.5253277888668295, -6.701045030401225]","[-0.0358954125609809, 2.1442142899371643, 2.2210945648065588]","[-0.0358954125609809, 1.7188733853924696, 1.7188733853924696]",True,"[0.0001977834999288275, -0.3745368752210927, -0.3876484054856225]","[0.012332079211088105, -0.3739351093332239, -0.3876598575948778]",5.0,247.58669199991346,0.005705042284461684
15.552745648999917,12.0,"[126.2584954596334, -0.004997812151871378, -4.163493271785258]","[122.241142, -6.528849, -6.70595]","[127.97736884502585, 1.7138755732405981, -4.119552928093123]","[2.1223697099327103, 2.2083334833146098, 0.04394034369213564]","[1.7188733853924696, 1.7188733853924696, 0.04394034369213564]",True,"[-0.3710483242951791, -0.3852291104887622, -0.01463920939846343]","[-0.36979846336327665, -0.3856246948287418, -0.000698864039250341]",5.0,232.07912999987457,0.001738079944971094
16.91721459199971,13.0,"[134.48106968510265, 4.579606870109787, -7.801462814992863]","[127.977264, 1.713699, -4.119663]","[136.19994307049512, 4.81443669957046, -9.520336200385334]","[2.2687875408670872, 0.2348298294606729, -2.020011747589039]","[1.7188733853924696, 0.2348298294606729, -1.7188733853924696]",True,"[-0.3958635966251916, -0.04744150116187172, 0.3518456216625343]","[-0.39609265570193, -0.0345295729578387, 0.3532714968253328]",5.0,238.95674400000644,0.0007116587841943269
18.16143461699994,14.0,"[139.38364309538963, 1.2945484706420487, -15.989094624747578]","[136.199905, 4.8144, -9.5203]","[139.8193796910842, -0.42432491475042095, -17.707968010140046]","[0.4357365956946015, -1.9691427254106488, -2.3322820005562166]","[0.4357365956946015, -1.7188733853924696, -1.7188733853924696]",True,"[-0.0821211520782576, 0.34235592244871027, 0.4086213465347433]","[-0.06997961324778527, 0.3450045575534984, 0.40549865335938073]",5.0,227.33137999966857,0.00011052177972295095
19.31471563299965,15.0,"[136.4588123064521, -6.839905467907436, -21.19871777435955]","[139.819397, -0.4243, -17.708]","[134.73993892105966, -8.558778853299906, -21.808082117119024]","[-1.950158330770404, -2.3094344284265422, -0.6093643427594733]","[-1.7188733853924696, -1.7188733853924696, -0.6093643427594733]",True,"[0.3404519355517134, 0.40422384130452116, 0.09594702318429806]","[0.3402817405910905, 0.4019208513946086, 0.11676125932378348]",5.0,230.76780400015195,0.008811582921958118
20.579808661999778,16.0,"[128.395653257091, -12.344975508392638, -18.640628765483626]","[134.750702, -8.541503, -21.799381]","[126.67677987169853, -13.037756900796246, -16.92175538009116]","[-2.2755554188023983, -0.692781392403608, 1.9328861099813381]","[-1.7188733853924696, -0.692781392403608, 1.7188733853924696]",True,"[0.39955044880598334, 0.11050666116479303, -0.336646767674542]","[0.39476823858802323, 0.1313196647150828, -0.33805776603024956]",5.0,226.21385499996904,0.005565960573220391
21.719125050999992,17.0,"[122.60739719212577, -10.159325643522676, -10.666722835648445]","[126.68762200000002, -13.031791, -16.928356]","[121.73437198737133, -8.440452258130206, -8.947849450255974]","[-0.8730252047544457, 1.8168080091669367, 2.341183233600302]","[-0.8730252047544457, 1.7188733853924696, 1.7188733853924696]",True,"[0.14366898330782252, -0.3166059809000154, -0.4061797004934338]","[0.16107430220943209, -0.31757965183131187, -0.41104741588282223]",5.0,228.11817699994208,0.00842160892057976
22.9873620139997,18.0,"[124.41574004377499, -2.2924322794182195, -4.608172323193202]","[121.743355, -8.448833, -8.962254]","[126.13461342916744, -0.5735588940257499, -3.758863650745391]","[1.8050752246012274, 2.30378543291664, 0.8493086724478112]","[1.7188733853924696, 1.7188733853924696, 0.8493086724478112]",True,"[-0.3146803161730358, -0.3992535854067024, -0.15403387274949937]","[-0.31540980213631553, -0.4049192358708639, -0.14243078124962766]",5.0,234.20173499971497,7.940951681872758e-05
24.239811926999664,19.0,"[132.15809973383267, 4.022919105000629, -6.035180628832053]","[126.13459800000001, -0.5736, -3.7588999999999997]","[133.87697311922514, 5.069304278198117, -7.7022304259737195]","[2.3279498788706507, 1.0463851731974874, -1.6670497971416673]","[1.7188733853924696, 1.0463851731974874, -1.6670497971416673]",True,"[-0.4030325077473064, -0.18656368882740798, 0.28469017946558517]","[-0.4095752964066142, -0.17869364149953748, 0.2972199756309278]",5.0,240.18216500007838,0.004909902423061971
